client_id,Delinquent90,MonthlyIncome,Age,NumberOfOpenCreditLinesAndLoans,DebtRatio,RevolvingUtilizationOfUnsecuredLines,NumberOfDependents,NumberRealEstateLoansOrLines,NumberOfTime30-59DaysPastDueNotWorse,NumberOfTime60-89DaysPastDueNotWorse,NumberOfTimes90DaysLate
0,0,2539.9259110702296,35,9,1.1139566689124647,0.9400494558393577,3,1,0,2,0
1,0,12323.170773131404,55,12,1.446860423189684,0.5547102057148602,4,0,2,2,2
2,0,4108.912435998515,59,6,1.3802245651548664,1.0373876078980897,0,3,3,2,0
3,0,6238.2877883965975,35,7,1.617320541151648,0.8519732334182685,2,1,2,0,1
4,0,5182.957449247659,26,3,1.4698135871819122,0.15830395007079695,0,3,1,0,2
5,1,3425.413723812248,62,5,0.5203540412350556,1.1719657043822693,1,3,4,2,2
6,0,551.9723466283482,27,11,1.044991588288794,0.9253106572889058,0,3,1,2,0
7,1,1139.8844369340425,48,9,0.605600330459086,0.9539739510684968,3,3,3,2,1
8,0,1548.0996715798403,32,3,0.6606351452375542,0.19733067757687775,3,0,2,1,0
9,0,824.0234230769115,26,8,1.6843054276909937,0.5679438285799022,3,1,0,0,0
10,0,1111.8851023441389,57,11,1.259223038614025,0.4764177278674684,0,2,2,2,1
11,0,4139.949350112462,27,2,1.75680370252688,1.115779737175892,1,2,0,0,2
12,1,4565.46479043581,52,1,0.8087513124218656,0.7904448880927641,3,0,4,1,2
13,1,6027.784918880437,53,6,1.0136438747017602,0.9961758552614544,4,2,3,2,1
14,0,1412.8338447892852,23,9,0.9280962138579169,0.5599263286514308,4,3,1,1,0
15,0,7555.8577473251125,29,5,0.28238799779033574,0.3113245300524934,0,3,2,0,0
16,0,1543.8706771625193,58,11,0.5023933906952257,0.68777250506821,2,1,3,0,0
17,0,593.3373522874347,44,12,0.9969818130276197,0.12338984451980162,0,0,1,1,0
18,0,2721.7579904883814,26,7,0.21453631872611062,1.0017758477914693,4,1,1,2,0
19,1,1403.2678249301623,67,5,1.6834852798251116,0.7764140589903745,0,1,2,1,2
20,0,4517.069860846168,33,1,0.31053425930373035,0.9218009010981798,4,1,1,2,0
21,0,11953.234809260282,21,11,0.4365672689087421,0.45770486334934857,0,1,3,0,0
22,1,3082.3286353640265,64,12,1.4010460806956822,1.1663027280541387,0,1,0,2,1
23,1,11670.36646869336,21,6,0.2647887210418333,1.0770892895205273,4,0,4,2,0
24,0,2596.845826512877,47,7,1.630472769346196,0.945141021634826,2,1,1,1,1
25,0,620.3848317292575,67,10,1.3336916502283105,0.2738345140297627,2,1,2,2,0
26,0,11265.10259914124,48,10,0.21665545708506012,0.5867291542860893,3,0,0,1,0
27,0,3367.257970184581,48,2,1.27614000418561,0.1003743306553131,1,3,1,1,1
28,1,9209.585392799367,39,9,1.1737685216912404,0.22743291587768,3,2,3,2,2
29,0,1557.7930163124802,26,13,1.3874940356578616,0.8355062962288228,2,3,1,2,1
30,0,4055.232552821122,47,10,1.507936349231871,0.9064764792939897,1,2,0,2,1
31,0,874.0020670972465,63,7,1.3211959573943635,1.1626361922993413,1,0,2,0,1
32,0,4688.271786093535,25,7,1.0964997019606522,0.4246991618588747,0,3,0,2,0
33,0,2754.177983103611,62,4,0.6481876415890221,0.4760286619400992,1,1,1,0,0
34,0,7888.842555824733,40,9,1.2853652251108794,0.5899891829671791,2,2,2,1,1
35,0,4713.181466211166,46,4,1.726851693872325,0.2678920629469285,0,1,2,1,0
36,1,4903.484475605509,28,5,1.0987870268990862,0.19940973113579238,0,1,3,1,2
37,1,2507.742137943343,50,4,1.2293862763382315,0.5970606651598238,3,1,3,2,1
38,0,5249.825324690044,29,5,0.8431176717396612,0.3109457514085167,2,1,4,2,0
39,0,6657.801375848873,33,5,1.3854053765632264,0.8202860938848868,0,2,0,0,1
40,0,3850.1629690319264,54,2,1.796034566975681,0.5527247067031803,3,2,1,0,0
41,0,8438.907109914619,23,10,0.37266185091515136,1.007579925466513,3,0,0,0,1
42,0,1683.0829032505042,42,6,0.4440889751563959,0.8553048673025865,0,0,0,2,2
43,0,3604.8149320370017,48,13,1.0170441897294622,0.4092216375893472,1,3,1,1,0
44,0,4854.457055172785,27,3,0.918338175344819,1.0070987716044812,1,2,2,2,1
45,1,2428.490079066788,34,9,1.0716686336614218,0.9754790111213221,3,3,4,2,0
46,0,1503.8289618250628,37,3,0.18342588113126418,0.4956001358847006,0,2,3,2,1
47,0,952.2631510195412,52,8,0.7872699757617632,0.3815773195197807,4,2,3,0,0
48,0,4418.1369660330865,66,7,1.0910630455114534,0.8348698295712218,1,3,3,0,1
49,0,1735.2907041456697,60,6,1.0948252972184365,0.21071535615070627,0,2,0,1,1
50,0,785.0237433822649,29,9,1.217467735006235,0.27989443284637455,4,1,4,1,0
51,0,4230.792896883133,21,11,1.3243672493045284,0.058466610213656345,0,2,4,2,1
52,0,994.574594340712,23,5,1.1906302456794562,0.9549630341274591,0,0,0,0,2
53,0,9851.688997061758,48,12,1.4434133641620395,0.8145784850808369,4,1,2,1,2
54,0,879.6280592314633,28,3,1.1620930789638058,0.8609401854202853,2,2,4,0,0
55,0,6620.566625513847,31,4,1.0137630263132476,0.947838385675263,2,0,2,0,1
56,1,4976.29185060603,60,5,1.1305339291092784,0.5777531418690909,3,2,4,0,2
57,0,731.444389568455,62,13,0.272028723480665,0.7040523753458278,3,2,4,0,1
58,0,2456.986474068765,60,2,0.564366119233384,0.21076654784680604,3,1,2,1,0
59,0,8114.219934731362,32,6,0.996579627118823,0.18170958456636946,0,0,0,1,1
60,0,1234.0294983851004,50,6,1.584078266182902,0.8186634060590423,2,2,1,1,0
61,0,3281.39649397523,49,11,1.2543876456895882,0.5917606370646024,1,3,1,1,0
62,0,8203.394487224417,29,7,0.2536937334022259,0.7000215224533671,4,2,2,2,1
63,0,1331.306051777342,47,13,1.1068674157554874,0.9297486860284293,2,1,2,2,1
64,0,1764.877160709289,45,10,0.4769545789830682,0.7799260680006794,0,2,2,1,2
65,0,971.6907791090439,39,10,1.347828151640829,0.6866163107566952,4,1,0,1,1
66,0,11148.410972474892,56,10,1.5066494492648703,0.6930882348572255,1,1,1,2,2
67,0,912.4259608683512,52,3,1.1088756634029546,0.399542612772004,1,1,3,2,1
68,0,13794.186551254508,46,6,1.1053164365779065,0.08544050975313032,4,0,0,0,2
69,0,2667.796176512245,55,8,0.6756054534583839,0.5522249976172167,3,3,1,2,0
70,0,7361.701824513022,56,3,0.858625035974226,0.2967723737424586,4,2,4,0,0
71,0,6461.314181772352,47,2,1.5689842014860873,0.5198079402833315,3,0,0,1,2
72,0,4675.474443874507,33,2,1.329644562644166,1.031413534258391,4,3,2,1,2
73,0,2954.3403597607053,56,11,0.9835812214829333,0.3190304087451418,0,0,1,1,2
74,0,4471.602667018249,54,9,0.7259950566222306,0.11704815294242592,2,2,0,0,0
75,1,2151.4249125498727,67,4,0.1856455550905424,0.373591475825296,1,0,2,2,0
76,0,5198.198095985918,28,10,0.3431125822548547,0.38763282143168615,1,1,2,0,2
77,0,530.2441630445571,40,10,0.4281428222169301,0.8112039919359293,1,2,0,0,1
78,0,792.7012741738431,64,11,0.734752023539747,0.69058697519247,1,3,0,2,0
79,1,979.5445974479715,45,12,1.7050442000296668,0.9514829404723755,2,3,0,2,2
80,1,1274.0803460651973,65,12,0.9587607712598727,0.8139605713764956,4,3,3,0,2
81,0,1679.205897189766,21,3,0.4992282775406928,0.517344890656081,3,0,4,2,0
82,1,8228.847545304394,22,11,0.2797752336845739,0.9861234423659397,1,0,0,2,2
83,0,16525.428653301788,58,6,0.6751193918250389,0.2420188578938595,2,3,1,0,2
84,0,1390.9845067560032,37,6,1.4867420804367966,0.07611888410393955,2,3,1,1,1
85,0,801.9248775647325,45,9,0.7516827487978635,0.15355503989198802,1,1,1,1,1
86,0,1493.056360128498,41,8,1.413259870238103,0.8807132531859178,2,0,1,0,0
87,1,5616.506143515431,40,6,1.464598459415694,0.5811588147890955,3,2,0,0,2
88,0,8145.56702926481,65,13,0.28839530848779704,0.23546254588864204,1,0,2,0,2
89,0,2768.937393994793,25,3,1.1347215794655323,0.626201491368868,2,0,1,0,2
90,0,2601.9921050680273,57,2,1.7304633077308882,0.22515891812014366,3,3,1,1,2
91,0,4388.815747114679,62,1,0.7836347273360417,0.8507684313393964,2,1,1,1,0
92,0,5936.033265164573,51,11,0.18660495130513788,0.5630797169101353,1,0,4,0,1
93,0,3942.4820708778766,39,6,1.6696145734383936,0.4881744100109548,2,2,3,0,1
94,1,624.6446886169444,28,6,1.602232678673221,0.396738902520058,3,1,2,0,2
95,0,17357.463661492162,53,9,0.987640460255303,0.7748249820867217,1,2,1,2,1
96,1,2655.418471173867,43,6,1.0388303045848164,0.46608450213639896,2,3,4,0,1
97,0,3156.4405799559527,28,8,0.45995987471941235,0.15079740721351614,3,0,4,2,0
98,0,903.5646733618976,37,1,1.4930662844258833,0.18570678743859262,1,2,0,1,2
99,1,758.5793395843901,66,3,0.9476200652666149,1.1561823142319416,1,3,4,2,1
100,0,794.3178484231428,33,13,0.15759225174234606,1.094867794313748,4,1,3,1,0
101,0,3699.9625982102352,29,6,1.2611254259632962,0.8546632038823619,1,3,0,0,2
102,0,767.8353492165141,53,3,1.7158436586646002,0.3557504556784475,2,1,3,1,0
103,0,14041.932475009391,30,5,1.5095558335877755,1.1645528339498823,0,1,0,0,0
104,0,3304.8992158576366,64,5,0.5712368383579176,0.9455635395606637,4,3,0,0,0
105,0,3228.420023677893,61,4,0.19065264438667912,0.8744237175328449,2,2,0,0,1
106,0,8535.338643298102,67,4,1.698597401314907,0.5667657274653569,3,3,2,0,0
107,0,3155.4024910737016,63,10,1.6930066322954924,0.36307779612193286,3,3,3,0,2
108,0,1419.407658072514,32,2,1.005106043511878,0.1608496064765242,1,2,2,0,1
109,0,5210.595424146048,30,5,1.1919395998416096,1.087992756025418,1,0,0,2,0
110,0,648.6463267403531,37,7,0.886420103208374,0.5741427333086527,3,1,0,1,0
111,1,1042.102796980407,43,8,0.8136011240678898,0.28271786951451483,4,3,4,1,1
112,1,4296.2566715474695,62,12,0.3030623410787906,0.40185011777325036,0,2,4,2,0
113,0,570.8156456692677,55,13,0.2644799272138632,0.7161025042831803,4,1,3,0,2
114,0,3911.4749884067364,51,4,0.4956446493495187,0.25328870038011647,4,1,0,1,0
115,1,9132.194386488749,62,8,1.5222892688911254,1.0351064267062318,0,3,4,2,1
116,0,19695.4379989185,51,1,0.347914911250656,0.9222974593104916,0,0,3,1,0
117,0,7010.988757199072,38,9,0.4853877082550082,0.8773823993435772,3,0,2,1,0
118,0,1466.675259600309,40,2,1.0326439008477528,0.5469069957413693,4,3,0,0,0
119,0,2296.2729699759793,45,1,0.46572307073306646,0.7714051668078096,1,1,4,0,0
120,1,1861.2597543330714,25,9,0.37745136402023804,0.7217126642496459,3,3,2,0,2
121,0,1963.784761085891,55,3,1.0576376108865357,0.7973235917880429,4,2,0,0,2
122,0,5350.640750092964,51,7,0.7257585606942463,0.14711096931087245,1,3,1,2,2
123,0,8662.706691048415,55,2,1.1644707859287977,0.5281785124962011,1,2,2,1,0
124,0,2400.818257316796,46,10,1.6507490786947496,0.09785629994117635,4,3,0,1,2
125,0,547.305890292551,57,10,0.356688323439615,0.6180894421311968,1,3,1,2,1
126,0,1939.074108692285,65,8,1.6528372216822087,0.4293403941827031,2,0,2,0,0
127,0,3693.395263440303,47,11,1.6342329446189616,0.2162028171959539,2,3,4,0,0
128,0,1569.918129385496,41,6,1.5094488916710347,0.1689134128809344,2,2,0,1,1
129,1,2412.3132582610538,25,3,1.1731860594203447,0.7257912580043688,1,0,2,2,1
130,0,8079.755415251101,57,2,1.1542493176914306,0.246181913817419,3,0,4,1,0
131,1,1735.5676454491106,63,3,1.1866615218920527,1.1138881361333166,3,1,4,2,2
132,1,3304.6325321913405,53,3,1.2738424370702823,0.7182203106554542,1,0,4,0,2
133,0,3594.2896479549654,61,5,0.12801974101346694,0.4489002752150626,2,1,0,2,1
134,0,8541.066269064164,61,3,1.7287573845731046,0.7295528152036292,0,3,4,0,2
135,0,2663.71197572888,58,8,1.0955263944914857,0.07622445168415212,1,1,4,0,2
136,0,4085.2881254628664,44,2,1.4284919269841168,1.152343095227662,4,0,1,1,2
137,0,2283.9060694780205,25,9,0.7413791264043174,0.6046489524843353,2,1,2,0,0
138,0,2441.8571301191278,21,5,0.12107526365685313,0.9501455113378291,3,0,2,2,2
139,0,20784.974395669855,30,9,0.9665489217899547,0.14513949991080435,4,3,2,2,1
140,0,3446.1263143878136,41,7,0.9622232028370792,0.6096570804638843,3,0,1,1,2
141,1,16989.649982184772,55,12,0.8428817901294681,0.614313043507699,3,3,4,0,2
142,0,2988.254919305797,42,6,0.6775189920755305,1.1285004232212301,3,1,4,0,0
143,1,715.0563936597813,22,4,0.5247043492765274,0.7074872602324866,2,0,1,1,1
144,0,951.4487595789758,30,8,0.9968262866452108,0.5945128112154968,3,2,4,1,0
145,0,663.6610911245014,67,9,0.7379728374789399,0.3570220125556776,1,1,1,2,0
146,0,5016.069046704988,67,6,1.7488842011846748,0.431304346943935,4,3,3,1,1
147,0,4059.3480205572805,38,8,0.39397642320378345,0.6487732628422684,0,2,2,0,2
148,0,1548.3296534976328,58,7,0.6434314649660479,0.5547481793508037,4,3,2,0,2
149,0,5985.477380883887,54,4,0.5997328005717707,0.07485389186237999,4,1,0,2,1
150,0,7678.240604736764,64,5,1.0236255996011268,1.0002357128235113,0,0,3,0,0
151,0,4051.8411845005976,62,12,0.9487764368560514,1.0805848876157316,3,0,1,2,1
152,0,2898.2310658597444,50,9,1.1943587912212643,0.21128645234840238,4,1,1,0,2
153,0,2291.139130238084,39,2,1.7150030099761533,0.6871415650699068,2,1,0,2,2
154,0,1518.6053075464804,50,13,0.5848758453395745,0.17486210230576008,1,3,4,2,0
155,0,3423.75632853621,35,10,1.277711667733494,0.8230761069957834,4,1,0,1,0
156,0,4591.141486238501,37,1,0.14256834510881214,0.37341885141485953,2,3,3,0,2
157,1,3321.5435355830296,49,10,0.5460604036471617,0.808336029895687,0,0,4,2,0
158,0,3685.236905879563,47,8,0.8883235375942077,0.886043806429915,1,1,0,0,0
159,0,15924.801234684988,48,12,0.15269114041792858,0.9339446157053055,3,3,2,1,0
160,0,12398.265587927868,39,7,1.150038082941186,0.17390208784928105,2,0,2,2,1
161,0,2668.8772574929344,40,7,1.2531280342829039,1.103413621908249,1,1,1,2,1
162,0,1797.5991976391622,21,5,1.3694439152246793,0.3147460895291129,3,3,3,0,1
163,0,35303.44368281644,49,5,0.9781766582331208,0.09302443960260674,0,2,2,2,0
164,0,1028.382212176709,48,9,1.1267059304636653,0.6880803398002058,1,3,2,0,2
165,0,5573.902189463828,64,11,0.7733109271734283,0.4765606264418045,2,2,2,2,2
166,0,8089.565651186415,44,12,0.17013015526115632,1.004258204602275,0,3,4,1,1
167,0,588.8581674961928,42,11,0.2699181548166722,0.979489192873947,1,3,3,0,0
168,0,13533.641387263133,24,8,1.213493071142489,0.4147097267461226,4,3,1,1,1
169,1,3129.5446764470666,30,7,1.7924440092958196,1.1458343043302066,4,0,4,0,2
170,1,5268.107835511171,36,5,0.1268655065776035,0.3845555138611364,4,2,4,2,1
171,0,1252.6954875629017,38,10,1.0478919446048507,0.6423156986164716,1,0,4,0,0
172,0,14412.140902336896,38,5,1.3767148799003484,0.3443598541527431,0,0,3,0,1
173,0,8077.254247817364,39,4,1.5055172076235936,1.1264501055563076,4,1,1,1,1
174,1,4909.112771878572,57,12,1.0268483320784882,0.23929899021932086,1,2,3,2,1
175,0,2116.72834750375,27,8,1.1538571663129786,0.10164721230117833,3,1,1,1,1
176,0,5347.777186755908,36,5,1.2844324069667408,0.5503616190034936,0,3,1,1,0
177,1,6031.877973651391,28,12,1.560242624478832,1.1912318986642125,3,1,2,1,2
178,1,16759.967105238316,35,13,0.3078922132447917,1.0754288561931509,2,2,4,2,1
179,1,1074.2936630999898,53,5,1.6745097336672679,0.9108992223754915,4,3,2,1,1
180,0,3225.749698510021,23,7,0.14422958603766903,1.0744113645103035,0,3,1,2,1
181,1,1627.701290744148,36,7,1.521539576628218,1.0774636356525427,2,0,2,2,1
182,0,1936.3841787465578,22,10,0.23045872515148536,0.6466871144444164,4,2,1,2,0
183,1,12981.387674007845,65,13,0.4308679597283679,0.41331840960541194,1,0,3,2,2
184,0,970.801505755634,55,8,0.10662004884792545,0.9378142969276362,3,2,1,2,0
185,0,7640.073161009078,32,11,0.8569363994112692,0.8109104526429252,0,1,2,0,1
186,0,15225.606441773665,30,8,0.6684106854195668,0.4797063882047666,3,3,1,2,0
187,0,603.590992863483,25,12,0.38218794952794644,0.15863666827074255,1,3,1,2,0
188,0,1723.5009524249122,43,6,0.8668532733666406,0.9088080530513798,2,3,4,0,0
189,1,2390.567258381322,56,6,0.7840305013927125,0.3518295933112944,4,3,1,2,2
190,0,1053.888232138213,48,6,1.4050237555878606,1.127335123113846,3,1,0,0,1
191,0,837.2546673981592,62,13,1.618321520319055,0.3271161612565374,2,2,1,1,1
192,1,1718.5751553849566,37,8,1.2093643280040391,0.1911716222732089,0,0,2,2,2
193,0,1375.4863981503884,34,2,0.3114976608350906,1.005779572943642,1,2,0,0,0
194,1,5519.28890145004,43,1,0.602164351006746,0.22627696411816814,4,0,1,1,1
195,0,5487.741678966854,30,7,1.6526411046148757,0.25615855438139995,1,2,0,2,1
196,0,5731.9364416238,66,11,0.25084863811341157,0.73929021024897,3,3,2,1,1
197,0,12857.794324375336,29,7,0.791654926964405,1.0557463469630841,2,2,3,2,0
198,0,885.9061845077299,43,8,1.702257852696918,0.2758998655717592,1,3,4,0,2
199,0,3500.470254027058,45,11,1.7161302304981256,0.40687222383510896,3,0,1,2,0
200,1,3168.4418280690943,23,7,0.799045400983117,0.9440155639773541,1,3,4,2,2
201,1,13350.79186048408,43,12,1.2345747097679556,1.1676003899701124,1,2,1,2,2
202,0,1529.8662946786462,42,9,0.8764675172017983,0.6258523641326936,2,2,3,0,1
203,0,6636.162624987731,33,10,1.380882917041781,0.2154821279339384,3,3,2,2,0
204,0,1393.027053204983,27,11,0.15368826217809747,0.06602673086443178,4,2,3,1,0
205,0,891.5753814961106,23,9,0.34506715316630937,0.3141044344986835,3,1,3,1,2
206,1,4765.228292833738,21,1,1.1441379660241187,0.20159555045449917,3,2,2,1,2
207,0,4687.144184944339,43,6,0.4953388461532081,0.829307474654786,3,2,1,1,2
208,0,14762.034302830365,25,2,1.2322889087575526,0.1901073803228108,1,3,2,1,0
209,0,991.8233028838688,66,7,0.6970789766842072,0.632279421363728,1,1,4,1,1
210,0,2448.3858843086136,32,2,1.6072974488172964,0.8484018009893194,2,2,4,0,0
211,1,11258.54403526938,51,7,1.492740955451977,0.7182841006040377,3,2,4,2,2
212,0,4359.692516199331,52,5,0.9378242601169298,0.27974199940906624,3,0,0,0,1
213,0,6948.3683245736065,44,1,1.4139216480612582,0.974743205109602,0,0,2,0,2
214,0,993.7281190309225,62,2,0.5609344065996537,0.8727181990581718,3,0,0,1,2
215,0,595.2702926307707,26,7,0.9402416205801665,0.8998316045028729,1,2,3,1,2
216,1,3450.996974520549,31,2,0.4357194881675729,0.20071641429091022,4,1,4,1,1
217,0,2133.4856186582056,32,12,1.5635064864856896,0.19231687419789628,3,3,0,2,1
218,0,5403.637144891236,27,10,1.4992149481663053,1.1166969336574837,4,2,3,0,1
219,0,7818.715044807736,34,10,1.633654436295302,0.5072149228986818,3,0,4,0,0
220,0,11680.132615865525,35,3,1.591710868081241,0.3960909955480807,2,0,4,1,0
221,1,12042.411442086308,56,11,1.731313645501141,0.6118716521542633,0,1,1,2,1
222,0,5916.3351294670865,35,9,0.4881715937742741,0.8122938446781197,1,3,0,1,2
223,0,912.7424973140537,62,6,1.6841012943520364,1.1489667456040153,4,0,4,1,1
224,1,2211.2034261022527,57,1,1.071062425298396,0.3794131609143632,1,0,4,1,2
225,0,4042.434978715509,63,7,0.8182416426608586,1.113529693708831,0,0,2,2,0
226,0,13115.381775302501,25,11,1.0526356231453842,0.07858841509419476,1,1,4,1,1
227,0,570.3544533171349,67,1,0.6824240063054723,0.6884777486758483,2,3,0,2,1
228,0,7600.683596971887,49,1,0.5905401118336185,0.7790713784332478,3,2,3,2,1
229,0,1909.0582745729623,67,5,0.5102343745617989,0.1717820143133663,4,1,0,0,0
230,0,1203.074287040884,37,7,0.2401275820771156,0.21139053662349952,4,0,4,0,0
231,0,1055.0901912772824,65,7,0.9441603251502186,0.5319814672137494,2,1,3,2,2
232,1,2865.099829889912,48,6,1.6091948487136085,1.161166698964659,2,2,4,0,1
233,0,11576.765436351323,24,4,1.171258347766454,0.7354489362195287,4,1,2,1,0
234,0,5966.836892031819,40,1,0.985658575684815,1.1229767048402428,0,2,0,0,0
235,0,8850.410453690318,27,1,0.828607961026558,0.9750150529549163,2,3,0,1,0
236,0,4723.049949625309,65,2,0.8894827647392263,0.5874888417885852,2,0,1,0,2
237,0,3618.013993781863,35,9,0.4557714908723166,0.9524779666400155,3,1,3,1,0
238,0,24453.048503114573,31,11,1.4989909912282653,0.0705123015735359,4,0,0,2,2
239,0,8739.674318409248,46,6,0.4372510375785977,0.17551559628059518,3,2,4,2,0
240,1,10777.882806328,40,2,1.318258686436432,1.0038429071151467,3,1,1,2,1
241,0,503.0222178389073,25,6,1.3919745195434594,0.966339651573936,3,1,2,0,0
242,1,750.1571451482733,59,13,1.0772773714471482,0.31753685326139874,2,0,1,1,2
243,0,4830.864624685046,60,4,1.5669748374232084,0.6603850291889115,1,0,2,0,0
244,0,10991.999472851907,55,7,0.5947855991661051,0.7469181938050125,1,1,2,2,1
245,0,6263.543490354437,49,7,1.5987492761128674,1.0478997968424129,3,2,0,2,0
246,0,531.3418358864146,39,5,1.339997781318817,0.7435732309395344,3,0,2,0,0
247,0,6723.83768910927,46,6,1.4578747071949931,0.5244573046647324,1,0,3,1,0
248,1,7745.271483725266,45,7,1.229785506196434,0.4803116499182601,4,1,4,1,2
249,0,19980.775744706774,28,7,1.5387831288829479,0.5397643993295363,4,2,1,1,1
250,0,522.1508860202464,24,10,1.788268066619981,0.7997206794169702,3,1,4,1,1
251,1,941.8481949397144,32,8,0.8142768526918857,1.0476142265151736,1,1,4,0,1
252,1,9171.154345873774,42,1,1.4836566623062695,0.5719814143877446,4,0,4,1,2
253,0,5688.812882423245,28,1,1.3657855911806571,0.33501549739406183,1,2,1,1,1
254,1,2697.8589884002413,26,6,0.8698792817104306,0.3221617174472183,2,3,4,2,1
255,0,3580.8008543537894,61,12,1.6758132995452704,0.9079164222799633,4,3,2,2,0
256,0,4081.9469833867515,38,1,0.770524080273411,0.9890540779374969,2,2,0,2,0
257,0,11744.854321589353,48,1,1.0612920576696039,0.1710697918322437,1,2,1,0,0
258,1,9354.936040805434,45,9,0.28010200688463466,0.12654268549845488,0,1,3,2,1
259,0,3566.992470461159,55,6,0.4838178299126526,0.7335987133199195,1,0,0,1,0
260,0,3206.4331432415374,55,3,1.529183489907393,0.218099230821603,3,1,2,1,0
261,1,2745.5385643240893,34,3,0.7741396288090405,0.9983638190247924,3,2,3,2,0
262,0,4439.918014569654,60,9,0.7699429520059389,0.40688487501268555,1,2,0,2,0
263,0,7599.5441873057525,38,7,0.5181677309240544,0.21545272291681403,0,3,2,0,2
264,0,6667.609796947891,60,9,0.9357375683056725,1.1091160433605678,3,3,1,1,1
265,0,10519.01054470736,40,4,1.469888834296058,0.24036148114556988,0,0,2,2,2
266,0,4663.651545239775,26,7,1.6217790002153574,0.37742809468862587,0,0,1,1,1
267,0,5308.105396204107,56,12,0.2191945344751126,0.2266554044708674,2,1,4,0,2
268,0,3347.1028075388913,22,5,1.0771952431081964,0.1828135732151582,2,3,0,1,0
269,1,10358.37502229687,57,6,0.8943647254169687,0.07432021878690603,1,3,4,2,1
270,0,21183.96452697642,23,3,1.1442791458016832,0.11370472053889913,1,0,3,0,2
271,1,2798.060505716263,30,9,0.8603686677440575,0.2508376915762306,1,0,4,2,1
272,1,6124.9156917120945,49,1,0.7776961954508057,0.11138922252125169,1,2,4,2,2
273,0,1538.5613055756835,65,4,0.902197211130132,0.7298153885276168,0,2,0,2,0
274,0,4579.112806403971,40,10,1.089398518885904,0.8328217058194323,0,3,4,0,0
275,0,6950.773129453021,26,1,0.9516714587540205,0.5026750253568324,1,3,2,0,2
276,0,2103.830836152454,31,13,0.9026455667350984,0.4156897614948568,0,0,4,1,0
277,1,3380.689085274348,63,6,1.4903200269287373,0.6302051725755645,1,0,4,1,2
278,0,15500.169135534896,55,6,1.3676015851043581,1.0562556835697998,2,2,2,1,2
279,0,517.530100976988,25,7,0.6803434401080278,1.0288013708455368,0,2,1,2,2
280,0,10613.518558776272,39,9,1.4609810997760448,0.09999632131471073,3,3,0,2,1
281,0,16647.13487680305,33,6,1.5512061373076502,0.2587231710360027,3,2,0,0,2
282,0,5554.012308984868,29,12,0.36093674913612384,0.3222566017700554,2,2,1,2,0
283,0,5341.05474275804,60,13,1.09056018494229,0.3367957122070436,3,1,4,0,1
284,0,2972.2442756696664,50,3,0.5850303891186635,0.7069175495041886,4,0,2,1,0
285,1,10135.53323471562,29,10,1.3565929472754283,0.5287017895586711,0,3,2,0,2
286,0,5400.051563690058,51,4,0.5059350599097615,0.10664223791673308,0,3,1,1,2
287,1,4479.883613603899,40,13,1.241385991094154,0.4796562592285073,1,0,2,2,2
288,1,3612.0692869345658,23,4,0.5337119152979777,0.6523158910252828,3,2,3,1,2
289,1,5652.403890383919,42,4,0.9689443978309034,0.16692268833927337,4,1,4,2,0
290,0,508.89764750844097,29,10,1.7126989954575265,1.0084773368568436,4,1,3,0,0
291,0,2296.109647394049,32,11,0.7482228153759386,0.10975614643486989,2,3,3,1,2
292,1,4053.7375288610097,62,2,1.588755426137453,1.1135681493707714,2,3,4,1,1
293,0,4420.312798129284,54,8,1.7778057880466207,0.16398011281685682,2,0,2,2,0
294,1,3345.507495280489,27,5,1.5872464429687776,1.0201111943374157,0,1,4,2,2
295,0,10540.820033127158,61,8,0.38197225052968287,1.0880511155167596,2,3,1,1,2
296,0,5776.713177539735,47,8,1.4934189732097771,1.1765062826745816,2,3,0,0,1
297,0,4780.495915549031,62,13,0.15465397167095413,0.9723297623146325,1,0,2,1,2
298,0,15736.243299188418,56,13,0.7686132022888233,0.9463991718870282,3,3,0,0,0
299,0,9716.303297278586,36,9,1.5802467346403686,0.7888557673948797,4,1,0,1,0
300,0,11388.465367429933,46,9,1.2708787616918638,0.9458458077648483,1,2,4,0,0
301,0,9020.251405820223,45,12,1.0056587264743928,0.20473503967511913,4,0,3,1,1
302,0,6134.6292751259925,54,3,0.7593688426404549,0.6664782413397828,0,2,1,0,0
303,0,7472.389664324072,32,10,1.4809048089994863,0.6413563007189765,4,2,4,0,0
304,0,2570.920176590761,36,11,1.3062492867119755,1.036207965740941,3,2,0,0,2
305,0,1343.637083410852,32,2,0.8962890433466446,0.5822192704325432,1,3,1,2,2
306,1,6534.226237077076,34,12,1.6172233732564216,0.49285292051540647,3,3,3,2,2
307,1,972.9050396867922,28,10,0.49091163029167506,0.7854977619226765,1,3,1,2,2
308,0,5218.458150517722,22,5,0.3896655655696623,0.35643281512597297,3,2,3,0,2
309,0,757.5249857316867,65,7,1.1927663993670885,0.2107336725970504,0,3,4,1,1
310,1,5340.519047790729,24,7,1.7523903825930096,0.5995588651273076,1,2,0,2,1
311,0,1238.9008370367824,62,12,0.5203361746215095,0.5294227738841177,1,2,0,1,2
312,0,3085.4365730250934,21,13,0.524439644187505,0.3174554316082047,0,2,4,0,1
313,0,1939.3923065445867,57,11,0.33714804153572286,0.4726385816323972,1,3,2,0,0
314,0,3494.568847422384,36,9,1.5629580439651747,0.4713513173001845,3,0,2,0,2
315,0,2788.5404781228317,45,2,0.48487581869926794,0.42661989907442727,3,2,2,2,0
316,0,1052.9065329752202,34,12,0.9554034954323093,0.4863836916859683,2,1,2,0,2
317,0,1009.4728976620037,44,2,1.7844832126037478,0.8386048472743372,0,3,3,2,1
318,0,767.7839032687524,42,3,0.12063953156747406,0.39140794575697807,1,0,2,2,2
319,0,3823.9688033684156,45,1,1.04602635386835,1.1411866157226414,4,2,0,2,0
320,1,886.0405993687751,39,13,0.9708913725984079,1.1038002224689045,1,0,3,2,1
321,0,2350.9377737579252,46,7,1.472660539897263,0.6030469925450903,0,3,3,0,1
322,0,2230.0724665981015,59,4,0.7039786172397209,0.4276153857553921,2,3,0,2,1
323,0,2488.1820505335318,41,2,0.7975803101283706,0.6657500083045036,0,0,1,0,0
324,1,4191.431840714144,37,6,0.3854945670180682,1.0258445620896681,1,3,3,0,2
325,0,1713.918902543708,27,10,1.3593858937808374,0.8004754416441173,4,1,3,0,1
326,0,2680.7773820250786,37,13,1.4340051456198522,0.975050602139139,1,3,0,0,2
327,0,21790.124854855145,26,8,0.33232764532401143,0.6626306174756011,3,2,0,0,1
328,0,8790.509398703505,29,8,0.7688770257801469,0.7778552736577637,2,0,2,0,0
329,0,12043.895954863588,65,11,1.617938492116561,0.38137895630983093,1,0,2,0,2
330,1,2982.5450674346403,25,12,0.10460236524883817,0.8951271366568343,3,1,4,1,0
331,0,1783.2899961540502,43,4,0.6078904200584749,0.2827652820945761,2,0,2,0,0
332,1,3730.427475698808,60,13,1.0435718845893311,0.8490178481412729,1,0,4,0,2
333,1,2575.2479992248896,65,7,0.6679595614219206,1.039826928574778,1,3,1,2,2
334,0,9509.996142587968,27,13,0.5624768216020379,0.2019182628967755,4,3,2,0,2
335,0,10409.577800496998,28,2,0.8820637243354614,0.7565367016232077,0,1,0,0,1
336,0,4857.269812583071,38,2,0.40858928378647935,0.1593601104644248,4,0,2,0,2
337,0,3560.7052370120723,47,12,1.0003629096311224,0.8845729725121408,2,0,0,0,0
338,1,2933.8880491062073,66,9,1.301383066232484,0.14716720164704827,4,3,2,1,2
339,1,4145.15530327274,30,3,1.0780014194684537,1.1263307961057198,1,1,1,2,1
340,0,1267.7203278396291,28,12,0.2582858624595025,0.20801911954347246,2,0,0,2,0
341,0,11278.539683533469,32,2,1.5354946440814745,1.1527122827954424,3,1,0,1,1
342,1,2143.490109618615,62,9,0.3974623237287299,0.971016802497861,1,1,2,0,1
343,1,2048.5771956674835,22,3,1.4001804010389187,0.7327343051363072,1,2,4,2,0
344,0,15863.668411151104,38,1,0.7129606883189457,0.9500177203239789,2,1,0,0,1
345,0,12197.832284913822,26,11,1.430694291695374,0.9643820648305487,3,3,2,1,1
346,0,6603.009540379918,28,12,0.4506639357890878,1.1379311222399298,1,2,1,1,0
347,0,1475.3249784177508,64,2,0.41732557628223066,0.34139085691506527,3,3,4,2,0
348,0,5128.677424609166,21,2,0.9449439385697198,0.7285872796620555,3,1,2,0,2
349,0,5113.939340863088,36,8,0.15599122498721285,0.1593065771990614,0,2,4,1,1
350,0,1323.7405894322283,64,1,0.48300547592996673,0.7585905550277394,4,1,1,1,1
351,0,1131.3420135326128,49,10,1.330820828713392,0.24698499970670712,0,2,0,1,1
352,1,1380.7838958707555,24,12,1.5235519131192232,0.6996932031933081,3,2,2,2,1
353,1,4241.988068995297,42,10,0.23733511869427776,0.7082950911389271,2,1,3,2,1
354,0,1151.3240490211256,66,3,1.5995321060447774,0.5858829259284114,3,3,4,1,1
355,1,1478.4412835494404,39,3,1.4557792468904043,0.6510265418400911,3,3,4,1,2
356,0,2756.471064813051,45,9,1.578463302701841,0.9285118985075761,3,3,4,2,2
357,0,3510.083843902687,45,1,1.2873285427840278,0.9691314239888765,3,0,3,1,0
358,0,5792.934515406248,52,7,1.2460602143997401,0.6159761979117434,4,2,1,0,2
359,1,1452.3293642268188,29,6,0.9926584966862685,0.7395324577510041,3,0,2,1,2
360,0,13390.217300477168,60,10,1.2097382816352356,1.120921671043617,4,0,0,0,0
361,0,2034.999791358781,67,3,1.6624864297632287,0.18769362677629123,2,3,2,0,2
362,0,6401.288499337786,27,10,0.2708874024084043,0.18466910078512708,1,0,1,1,1
363,0,651.5513347772353,59,10,0.636799612338355,0.15086536369738365,1,3,0,2,2
364,1,3365.8343325600617,59,4,0.22317345511298212,0.806542777796607,3,1,1,2,1
365,0,2080.0668835597044,55,5,1.7061687923048654,0.5313995459089363,2,1,2,0,2
366,0,7684.674755394188,38,1,0.8569512921989596,0.9404696285631197,0,0,1,1,0
367,0,10692.15710878383,43,6,1.2480856001495202,0.8219161253048815,1,2,4,0,0
368,1,5428.517276847536,60,4,1.5299041096573465,0.43368342207747385,4,2,2,2,2
369,0,25509.990546142686,28,2,1.7847004217300306,1.0831215294657661,3,1,4,0,1
370,0,1040.8653632210587,59,8,0.37503017824685175,0.9269119691312501,3,3,3,2,1
371,0,4778.700469902178,64,8,1.4591714297209888,0.36111518204670207,0,1,0,2,0
372,0,2711.7045486794095,53,2,1.6086189268324518,0.4688208204378621,0,2,1,2,0
373,0,4378.550428341388,37,3,0.18308814064648857,0.4116059772349023,1,1,3,0,2
374,0,1613.5771962265803,47,2,1.3819539523154747,0.2312533959187496,4,2,2,2,0
375,0,7356.756917591542,23,9,0.7030330460341355,0.21995087842352037,2,0,1,2,1
376,0,6929.258164265312,64,5,1.2026145454997343,1.1265465828821055,3,1,2,1,0
377,1,2523.8992695489696,37,1,0.9738819332660701,0.5535896427785663,2,2,4,2,0
378,0,1465.5625728497714,23,3,0.5415618285472827,0.49081779619402127,2,2,1,2,0
379,0,3932.92666890971,58,13,0.32987631540677625,0.8891385649789846,3,1,0,0,2
380,0,4612.10943752125,51,4,0.2988102962516541,0.6859420250408349,4,2,1,2,2
381,1,4695.911965196459,50,9,0.2756488581044359,1.1265609848642315,2,2,4,2,0
382,0,4437.966785828148,23,7,1.1842430682287821,0.947346717995801,2,1,3,0,1
383,0,1357.5547039195562,56,3,0.6973984473792147,0.6012749987432213,4,0,4,0,1
384,0,4587.2546278195805,50,4,0.4682768449499832,0.48281339450295013,1,2,4,2,1
385,0,3250.3350318688563,58,1,1.2762046576000352,1.1846262766629703,4,3,0,0,2
386,0,10429.80371912615,59,10,1.2676442618029935,0.8754242714041899,2,3,1,1,0
387,0,505.2336376999995,30,5,1.016586097006896,1.1438738590044173,4,2,0,2,0
388,0,1063.7565205384608,30,7,1.6894282886719465,0.18625036379959756,2,3,0,1,1
389,1,3155.605017941712,64,2,0.7552041934504161,1.0281137310694,3,3,4,2,1
390,1,4511.15688348725,45,11,1.520967051157798,0.7826349665898886,1,2,4,0,0
391,0,3807.1377154491356,41,3,0.22773699348473372,0.19020993008537945,3,0,0,0,2
392,0,6049.25285184622,34,8,1.3577128598654575,0.7264966999646038,1,2,3,2,0
393,0,1789.3943857531058,51,12,1.780360603514281,0.839010819871266,3,2,2,1,0
394,0,2711.47564212859,56,10,1.5392169676892886,0.06414808877189326,3,1,0,0,1
395,1,3119.2478166507703,21,8,1.085430022827101,0.5724656561180085,2,3,4,0,1
396,0,5824.427839711997,46,12,1.1655023093561732,0.9992094378757692,2,3,4,1,0
397,0,11777.774610832817,67,3,0.7005922340428096,0.3896628791457033,1,1,2,1,0
398,0,5429.990093362726,34,13,1.2551248710387766,0.5773302940683337,3,1,3,0,0
399,1,721.277440085951,34,8,1.409672151408256,0.5586612461280771,2,0,1,1,1
400,0,2982.679602841213,62,6,1.7969884179003517,0.3972165001588653,2,0,3,1,1
401,0,4108.897983434696,23,4,0.9371869589007361,1.1062081798428873,0,1,2,1,0
402,1,1031.533141023629,39,10,0.20421691181485188,0.9484881407462432,0,1,4,0,1
403,0,1456.7932654794333,42,13,1.112958516242675,0.17717667264552706,0,1,0,1,2
404,0,4231.411246405631,58,9,0.3023410549696866,1.196589856513209,4,0,0,2,0
405,1,3129.469118833272,27,1,0.5161005740453871,1.061080027953907,4,1,4,0,2
406,0,8653.582718626621,41,7,0.6589258492197533,0.3764947035436448,0,2,1,0,0
407,0,7394.211666927411,28,10,1.342750784352298,1.0124310666100789,0,1,1,2,0
408,0,10405.580809580137,58,6,0.4124738105934509,0.17238246165209029,3,2,3,1,0
409,0,1207.4448758765225,50,11,0.3817800096319993,1.1989704400453745,2,1,0,2,0
410,0,7637.878876396457,44,10,0.1764392122480067,0.8155374465225174,1,2,2,1,0
411,0,1106.8310093563027,39,1,1.5845078918015973,0.7976437678926165,3,2,1,2,1
412,0,1067.7603003993422,28,8,1.2789592214053032,0.15400683603175266,1,3,0,1,1
413,0,2047.8938861054132,64,3,0.16790899154996505,1.081588408731119,0,0,4,0,2
414,0,1303.4943025299,51,7,0.1480969195847948,0.08334942868513984,1,3,0,2,1
415,0,6391.852321714635,36,5,1.0497463040075954,0.3269522667473191,4,1,0,1,1
416,0,950.8224035751454,40,11,0.5803084821874087,0.21447515644163023,3,0,3,0,1
417,0,7659.7120268482595,55,12,1.1144347957342788,0.9432831317960513,0,2,4,1,0
418,0,2068.15254629691,54,6,0.838827098657641,0.2779348612948325,2,0,0,1,2
419,0,7766.046393020397,42,7,1.6696313559274327,1.097233961200518,4,0,3,0,0
420,1,3749.660158356236,35,9,0.5892753254343255,0.8047093952266136,4,3,2,2,2
421,0,5320.755161764797,52,9,1.254547126346119,0.09158711706890064,3,0,4,0,2
422,0,759.2877914149765,51,9,0.19189232975161863,0.05624430924800553,0,2,0,0,2
423,0,7007.7723921897505,49,11,1.724962908121173,0.10940660456655876,1,0,4,1,1
424,1,2489.9019181131775,24,13,1.7672876954441987,0.7468139542948868,1,0,3,2,0
425,1,1237.6136754646946,43,11,1.3564268693279011,0.9717040824883275,0,0,4,2,2
426,0,2359.9811992026553,49,2,0.8908612016580744,0.3243357437214967,0,0,1,2,0
427,0,2826.9854710776913,65,7,0.4739888468563443,1.0268201693615338,1,1,4,0,1
428,0,1842.3323553015189,45,6,1.48127777842154,0.11581673117624944,2,1,3,2,2
429,1,3832.50278071992,37,7,1.3518019651499378,0.9711084316879276,1,0,0,2,2
430,0,8092.037917396895,47,7,0.4773218672536134,1.1169647446981223,2,1,4,1,2
431,0,3127.3202741136047,29,10,0.8670660000673517,0.9379246589700376,1,1,3,1,0
432,1,1266.1119293419383,25,6,0.8867581942885345,0.8528389015754327,0,2,1,0,2
433,0,2948.702478522313,52,4,1.5048979349536056,1.0136772514536905,4,3,2,2,0
434,0,2168.8349746966496,67,6,1.26253596336793,0.09617399447912639,2,2,1,2,1
435,1,963.897657456765,60,12,1.1933848240180938,0.2820494273269137,1,3,2,1,2
436,0,1580.7307203798625,48,5,1.2047066183575732,0.19366223120148954,4,0,4,1,1
437,1,2619.701043366854,22,1,0.5597991349502142,0.6302106387219345,4,0,4,1,2
438,0,4463.345076123961,67,13,0.7319091417102078,0.9069663475781711,4,3,1,0,1
439,0,9493.880740035149,42,3,0.17762588524240044,0.7745136212628585,0,1,4,1,0
440,0,688.9639050014513,34,8,1.4377999308806104,1.0288007647262252,3,3,2,2,0
441,0,1388.629899347541,62,11,0.8360969657886835,0.2284949413072545,4,1,3,2,1
442,0,1758.2842992567537,56,4,0.8450052070488749,0.8948142557254357,4,0,3,2,2
443,0,8028.289762305223,56,5,0.5171056503871654,0.2719977144992397,1,3,2,1,1
444,0,3763.793389293148,34,4,0.4560263784810291,0.36137256401547024,4,2,2,2,2
445,0,2073.442075297662,67,2,1.0992972802673497,0.8663904018734995,2,3,2,1,1
446,0,2699.448738664385,42,2,0.4953401258462488,1.177235502633484,2,1,4,1,0
447,0,3892.148697135095,45,3,0.2091550476612895,0.75327514687363,2,0,1,1,0
448,0,1704.3267279491536,56,6,1.4047626071675272,0.11267536223998993,3,2,1,2,1
449,0,8161.129718433851,52,7,0.739998038490822,0.7587553154166626,0,0,1,2,2
450,0,7523.792723679344,29,1,0.7464004926288176,0.09870313431719216,2,2,0,0,2
451,0,3798.250760186622,35,12,0.8332410785768453,1.0667675680718396,4,1,1,0,0
452,0,11572.379030604894,37,9,1.4855761997937595,0.8660150278657137,2,3,0,1,1
453,0,585.1242765248446,65,1,0.6454227230976891,0.2490970233858787,1,3,0,1,2
454,0,17025.246861842046,54,11,1.3886615591383213,0.15547915669782778,0,1,3,2,1
455,0,20020.103002166496,38,1,1.6972262293252236,0.2610632132123668,2,3,0,1,0
456,1,1274.4534719209175,55,8,1.223475933072159,1.1770312564873213,3,0,2,1,1
457,1,2000.2145233933425,55,7,0.8338578380009418,0.5773447388272632,2,0,3,2,0
458,0,2975.888317886858,39,7,1.37124252934933,0.9516930905926191,4,3,3,1,0
459,0,1021.8805648524577,39,13,0.8784255285773553,0.7818695934239434,3,2,2,1,1
460,0,4728.256689726962,63,13,0.8045263608838393,0.7082751224524328,2,1,0,1,0
461,0,1574.7234576453284,47,4,0.9929813780735615,0.21689979286480715,0,0,4,1,1
462,1,4951.522789393988,28,8,0.6401279691757994,1.1379281215918093,2,1,4,2,1
463,0,3919.2357596496518,54,13,0.27722536767600203,0.3965440273919256,0,2,3,2,1
464,0,3430.5933412416152,48,10,0.8052484093944808,0.7147197981786735,3,3,0,1,1
465,0,1271.0789144156936,44,12,0.3105566979198133,0.854742336277426,0,3,0,1,0
466,0,2511.5740237683676,55,6,0.7977505050442594,0.7966181285321051,4,1,1,1,2
467,0,7340.71885366376,63,4,1.0467873260628655,1.131683571149846,1,1,0,0,2
468,0,9021.295534635541,36,7,1.6822090080495995,0.22070483840806668,2,0,4,1,2
469,0,1057.0042609016537,40,11,0.1615779627770161,0.6346056492139833,0,0,1,0,2
470,0,861.7855619944323,29,13,1.156479291053305,0.5146395493518808,1,1,1,0,1
471,0,2834.145079677707,51,9,0.8781498173051314,0.5952940389050108,4,2,4,0,2
472,1,996.8574976313962,39,10,0.13444391794703658,0.1871001551274063,1,0,4,1,1
473,0,8851.580328974724,37,7,0.5242318990958246,0.20420880135368014,2,1,1,0,0
474,0,9314.986641670104,53,5,0.30142492900316264,0.369786877648446,4,2,1,1,2
475,0,6475.61375638051,40,6,0.46855004774345604,0.40041029432495595,3,3,2,1,0
476,1,2585.8400635355483,42,7,0.566769413883561,0.5420886957335525,0,3,3,1,2
477,0,1002.9295177280111,41,11,0.7822207701497337,0.7526356790921225,1,1,4,2,1
478,0,679.3505133870912,33,8,0.9993669689311134,0.7798234850310024,1,1,4,1,2
479,1,5703.458498891269,26,11,0.10168298967485638,0.5235825310734057,1,3,4,2,1
480,0,5257.293989919561,59,1,0.37517791306885934,0.5201005758430016,1,2,0,2,1
481,0,2200.255103220423,25,10,0.2590628555349612,0.3002728057015063,2,1,1,0,0
482,0,5285.298465066143,36,7,1.0344447787466644,0.7265521856703594,1,2,2,0,2
483,0,4353.584070446212,52,13,0.6594272796821586,0.41459704801482355,1,0,0,1,0
484,0,898.0157956309729,27,7,1.0322761512590208,0.09146880941896826,2,1,1,2,1
485,0,1795.01684099036,51,7,0.4770996136969523,0.5311600507803894,1,1,0,0,1
486,0,5879.249269232537,55,2,0.14118990194889428,0.5952525763536958,1,3,4,0,1
487,0,3525.447144673939,52,11,1.7003237321594196,0.3094317984348426,2,0,0,2,0
488,0,8568.688664346859,35,10,0.28412380602128984,0.708326623090433,4,3,0,2,1
489,0,2698.024117840029,21,12,0.3156598715349186,0.700637685496709,2,1,0,0,1
490,0,11710.35179648761,62,2,0.34912960506723884,0.857302508276927,2,0,0,1,0
491,0,7975.256836748217,36,3,1.7681700907885636,0.7951407545313915,4,2,2,1,0
492,1,9087.139643424553,58,12,1.1500224082889934,0.8002980149991863,3,2,1,0,2
493,0,4901.439298004471,30,1,1.137492917896546,0.4136462745976496,1,0,4,0,0
494,0,951.211069569529,28,7,1.7773869425815003,0.9555470552838469,1,0,1,1,0
495,0,2049.8410022281887,57,6,0.2503459077669131,0.6815160411396313,2,0,2,1,1
496,0,15037.593430281984,65,13,1.7566515173218915,0.5461309244568736,2,1,3,0,0
497,0,1848.5701494574942,61,12,0.4468223491418695,0.7699143530822156,0,0,3,1,1
498,0,4511.509147811428,56,12,1.1592215560554602,0.4647559346177924,0,2,3,0,0
499,0,10543.897498619484,32,4,0.8141420610147458,0.6396501312977719,1,0,1,2,1
500,0,9669.328619287902,63,8,0.7527180829112029,0.8972115417545533,4,3,2,0,2
501,1,7583.519878155893,52,10,1.6831136584150863,1.0693633197322638,3,3,4,0,1
502,0,8066.4148763509065,29,13,0.35368713834843596,1.1092157768894704,4,2,4,0,2
503,1,6553.55239095692,27,1,1.7950173188296141,0.6291778639605641,0,3,3,2,2
504,0,7200.947029512284,61,13,0.7445126038556324,0.6483163819516544,2,3,3,2,0
505,1,3161.8747268451802,33,5,1.2029173366105426,0.9698509723784119,2,0,4,1,1
506,0,7050.079618177548,56,2,1.7454414435217123,0.4116182955058314,2,1,3,0,0
507,1,3184.4652653645844,27,9,0.19792178564425714,1.0129897166968287,2,3,4,2,1
508,0,10217.813177063834,34,11,1.668869416972824,0.6182628934950369,1,1,0,1,0
509,0,3261.668459687511,34,2,1.0652793551023836,0.18323523298555863,0,2,1,2,2
510,0,7223.345159021139,34,1,1.2974746942616688,0.13286801913388524,4,3,0,1,0
511,0,3704.305086725484,52,12,0.3536131126067922,1.0182921926953825,4,3,0,2,1
512,0,1026.4874385361525,63,13,1.0067586324127549,0.11390310444290959,0,1,2,2,0
513,0,14381.75305649305,63,3,1.2449733150329143,0.37270315155370426,2,1,1,0,2
514,0,2579.6135482423274,55,12,0.875620422559059,0.43424954657677767,2,0,2,2,2
515,0,1945.8309253650243,30,12,0.3634748027802964,0.24894361197033285,3,1,2,0,2
516,1,875.4348228445565,66,13,0.5150024276454802,0.4109773752722876,4,1,3,1,1
517,0,3206.051395691118,46,3,1.5524677446889474,0.9040964517338484,2,1,4,0,0
518,0,2983.3869615041413,46,8,0.15860068781569672,0.06688527009408139,3,1,4,2,2
519,0,10863.87448996825,53,13,1.305065533349381,1.0012494381987893,4,3,1,0,1
520,0,6582.657652992004,57,12,1.7989630620746957,1.0350302271107419,4,3,1,1,2
521,1,1338.0768653640494,65,8,0.11272109338150325,0.47810080917028036,1,2,3,1,2
522,0,2792.8488247822565,48,3,0.37377766079389785,0.22665483391973001,4,0,0,2,1
523,0,4517.675482929953,49,2,1.2460453115183285,0.7409664691368429,2,1,2,2,2
524,0,12218.252231998453,56,4,0.20198441879509205,0.1876234392446285,0,2,2,0,2
525,1,730.0348386803573,32,1,1.10264297255496,0.46965726523999035,3,0,0,2,1
526,0,2431.2004182781616,35,3,1.2628001760537955,1.1521935580361182,4,1,3,0,0
527,0,1526.8142028586558,50,1,1.0998487917939193,1.1947841434711826,1,2,1,1,0
528,0,4036.1116984442046,24,10,0.7208139951358142,0.9379206250577734,2,3,0,1,1
529,0,3812.3920479290628,36,8,1.2853799031772861,0.4076057364088811,1,3,3,1,1
530,0,6361.669927514801,54,7,1.1103005276234947,0.8408148065410063,0,1,0,2,0
531,1,3588.5427887854967,66,11,0.45298319255966357,0.8612173203066146,4,1,3,2,0
532,0,4499.073847794127,45,6,1.0573304240946866,0.49601794943819716,0,1,0,1,2
533,0,4060.479408849591,39,6,1.5992422691361767,0.7870219297740833,2,2,2,2,2
534,0,1137.3604505195663,41,3,1.2336165856737649,0.06233679172202768,0,1,4,0,0
535,0,1713.045892661885,53,6,0.90204556256954,0.2904163073925777,3,1,1,0,1
536,0,1937.6305108219378,46,3,0.646692974878067,0.6538515484123503,4,0,3,1,0
537,0,24881.28465445976,22,8,0.24600655604387386,0.23831399989704025,3,1,3,1,2
538,1,1006.5161845026785,46,13,0.5158661256903487,0.24079289805801368,3,0,4,2,2
539,0,1257.303506061961,39,7,0.11901748024769071,1.0117499341327736,4,2,0,2,2
540,0,580.9184197421057,53,4,1.7772640597924394,1.1875029530861463,4,3,3,0,1
541,0,3610.297348984449,62,9,0.4782198286188579,0.6893648422327157,4,3,4,0,1
542,0,6854.142231298317,66,11,1.4852891025651336,1.0149301905139705,1,1,3,2,2
543,0,6301.185008554946,49,7,0.38669629906846364,1.1888699139752132,2,3,0,1,1
544,0,4033.134086837444,38,4,0.5821219543294757,0.2128352718540909,4,3,4,0,1
545,0,4145.243471657104,41,10,0.8110714426882235,0.5654824552425037,1,1,0,2,2
546,1,3216.3730310438696,29,3,0.6514896290407287,0.5014586232182079,3,3,2,1,1
547,0,3814.2008531835304,64,13,1.457196381691764,0.14205667619311277,0,1,2,2,2
548,0,5654.852460024209,60,5,1.7280787936262192,0.918629698713956,4,3,2,2,1
549,0,21353.36218358992,61,5,1.5880006222064424,0.5488458814209819,3,1,2,2,2
550,0,10914.342510296232,36,10,0.36108237381118613,0.5897259743189615,3,1,0,1,0
551,0,8305.055005441256,36,1,1.4203707497937934,0.2232739198852262,4,0,2,2,0
552,0,11126.52125393346,61,3,0.35150975261800943,0.2580656500654983,1,3,4,2,0
553,0,1124.2596068401945,46,2,1.6527478811555723,1.0931691654796472,2,1,2,0,1
554,0,8367.645499646304,54,6,0.9803935786365833,0.10134645232042072,4,3,1,0,2
555,0,11954.579733961607,44,8,0.6718478496964014,0.31778012768526215,0,0,4,0,0
556,0,822.1644911793433,41,3,0.36694334546812774,0.3858682298617076,4,2,0,1,0
557,0,2219.046347637809,50,5,0.12007544990430785,0.6137271737618243,1,1,2,1,2
558,0,6849.981314811531,59,11,0.5215098858235041,0.7244119489670152,2,1,2,0,2
559,0,1864.0722738990096,36,13,1.6538341075782301,0.6172834722282665,2,0,2,1,1
560,0,2016.7840100277099,59,1,1.4553457268627867,0.1467326347404143,3,0,4,0,1
561,0,7267.286915470536,32,9,1.7486493031762231,0.33021757216407055,4,1,2,1,1
562,0,7086.530168555354,39,1,0.27129458590633415,1.0201266424769222,1,1,4,1,0
563,0,1009.6538342287938,63,7,1.106703863959638,0.7832270055502278,0,3,0,1,0
564,1,2675.5749221482542,65,12,0.5371558058523203,0.7965214076544155,2,1,3,1,2
565,0,2767.675309149535,64,11,1.0230008998130926,0.8207337436540582,3,0,2,1,1
566,0,1163.2990961714797,35,4,0.6447733054578737,0.9273384718954584,3,1,1,2,2
567,0,1950.7207870776017,60,4,0.5818914354137078,0.11682475397966444,3,2,1,2,2
568,0,647.574765069415,64,11,1.0755370134418156,0.4715996426725042,1,1,3,2,0
569,0,1991.2607147807587,66,11,0.4116408751782185,0.6704565505509305,4,3,3,1,0
570,1,3147.0454538683675,21,4,0.8975268428525986,0.4392249557919249,0,1,3,1,2
571,0,2318.995616358,56,1,1.206380850574859,1.0211507042802643,0,2,0,0,0
572,0,7336.19280414316,67,6,0.3179095244107669,0.604958384875388,0,0,2,1,1
573,0,7478.641745704318,56,9,1.6820102604907368,0.933921727878286,4,0,4,0,2
574,0,4223.33940241733,31,6,0.9597319890720122,1.0298178444133443,0,3,0,1,2
575,0,2135.557546386998,56,13,1.4931975522033818,0.6305102053390227,3,1,2,0,2
576,0,691.5920801763339,25,11,1.2116392320558076,1.0959850804520523,4,1,2,1,0
577,0,1150.29116518067,43,11,1.3070016000783273,0.7251925316175276,3,2,4,2,0
578,0,7156.544899790466,50,1,1.3174225996878246,1.0278154436587799,4,0,1,2,0
579,0,855.5182943142231,42,12,1.5876698250045034,0.44167941493025287,0,2,2,1,0
580,0,688.6679113772611,53,10,1.143129239579771,0.623639502311208,2,1,3,0,0
581,0,2741.7768570961643,32,6,0.5729691579263624,0.6611226971552643,2,0,0,0,2
582,0,8825.430218786196,49,8,0.2691663928712772,0.17072667328048116,3,1,4,0,0
583,1,5596.572938584006,51,11,1.1306260530652406,0.5083353827067717,3,1,4,2,2
584,0,8299.812802598059,50,12,0.2127997664099878,1.1049383234344274,2,0,3,2,1
585,0,2464.045182514683,34,8,0.5101988678722014,0.7754570764194537,1,2,3,1,1
586,0,3419.3650623426847,35,1,0.2032022138232499,0.2541325698025126,0,2,3,0,0
587,0,2897.6593417511895,33,9,1.033108901311164,0.43968398095104566,2,1,3,0,0
588,1,5782.950806693147,42,9,0.37257481240287565,0.2703434611121048,1,3,4,2,1
589,0,2910.647661577285,48,1,1.1376924430369044,0.07854660156835842,2,2,2,0,0
590,0,6311.871701164838,38,11,1.4444707224675548,1.1165795272796306,3,3,2,0,2
591,0,2678.4261427810006,40,3,1.497197225312166,0.5654384274954022,2,0,3,0,0
592,0,2349.315974135048,34,12,0.6262239638339666,0.403665333283904,2,3,0,0,0
593,1,3859.053525751631,31,8,1.033222705580643,0.738248770291397,0,1,4,1,2
594,1,1599.9341319996715,51,5,1.0571182921468103,0.05841162473696798,3,2,3,2,1
595,0,33412.067680794185,59,1,0.9039082096620832,0.3697254225909359,2,3,3,0,0
596,1,3674.1045356876925,34,1,1.2136936154221003,0.8584884855537264,0,1,1,2,2
597,0,4128.5131763035115,61,10,0.45714811050000703,0.7788352390296523,1,1,1,0,0
598,1,4022.4428793228944,47,5,1.7647135072975502,1.1790768396739157,3,0,2,0,2
599,0,619.3609679203456,28,11,0.26673570605458513,0.7634113661067506,4,2,3,0,2
600,1,4393.392177612117,38,3,1.5096759400453026,0.5991317546718926,2,3,3,2,2
601,1,6552.345217679321,21,12,1.1099631778170194,0.9256474476616088,4,1,3,1,2
602,1,3724.286262683625,22,13,0.5162530702293171,1.088827052758661,0,0,4,2,0
603,1,4373.57683327349,36,2,1.3676475011225095,0.8788003387261043,1,1,4,0,2
604,0,3772.042173926378,42,9,0.24361752265102232,1.1576929070817865,4,1,3,0,0
605,0,7329.363225376317,58,13,1.4165103185629313,0.9493059463489038,0,3,1,2,1
606,0,2602.986489442358,27,5,1.102974877813123,1.0468216540012154,3,0,2,0,0
607,0,2096.2053320898594,60,1,0.2882755412738827,0.18121968186118276,1,1,2,0,1
608,1,3100.2896178947603,32,12,0.2351594572570294,0.8922755284428558,1,2,3,1,2
609,1,3877.5410467138568,27,7,1.3764217668419862,0.5561020044564738,2,0,4,1,1
610,0,3218.961434444167,53,1,0.5979910410565231,0.6860693727729664,1,3,1,0,0
611,0,3355.1225858345892,57,11,1.6118131463042629,0.8022177709047102,4,3,2,1,0
612,1,4394.752242346936,49,9,1.3955241357512993,1.1652873842114047,4,1,0,2,2
613,1,615.4382275592684,26,1,1.2869234160201173,1.1822647936463682,2,2,3,1,1
614,0,17440.915831275008,26,4,0.5736302894768666,0.38146248231109103,2,3,2,1,1
615,0,3228.7558923561205,39,1,1.3052056823367504,0.8938165220536035,0,2,2,0,1
616,0,4009.678107904995,42,13,1.7118510636752178,0.9124810686255589,1,0,2,1,0
617,0,7424.9159683192565,67,1,0.25565171842996715,0.4484667905100061,0,0,1,2,1
618,0,3100.939834322844,34,11,0.6544764914060622,0.19245024109385417,4,1,2,1,1
619,1,5071.046482046824,30,7,0.49894285128471005,0.09708900432857773,1,0,3,2,2
620,0,16073.828182467532,65,8,0.7685252284811334,0.9439445966585552,1,1,1,0,1
621,0,4292.442066450245,28,11,1.3619655132517088,0.6131547030894418,4,2,0,0,2
622,0,8272.730925794778,22,12,0.9062123884231571,1.183371194919165,3,2,1,1,2
623,0,5842.4032576391755,40,2,1.0702420304044187,0.584719474622701,3,0,0,0,0
624,0,3164.337120549574,39,1,0.634063309733182,1.1746045259349163,0,0,1,1,1
625,1,3575.5074656169973,50,2,0.34019175404807095,0.5233124025231688,2,0,3,2,1
626,0,1397.2527178689995,62,9,0.5537872031941385,0.9627344731439684,2,1,0,1,0
627,0,4213.092063460865,64,8,1.561456512111378,0.14754216315860685,1,3,3,1,0
628,0,3298.182128823892,34,2,1.1241088356607978,0.6887809666584285,3,1,1,2,2
629,0,2798.8377549973316,67,4,0.7425807444352973,0.9723687550335828,4,1,4,0,1
630,1,1425.8053892815894,50,7,1.4428401689504988,1.1134069173028718,1,2,3,2,0
631,0,3389.8759247757084,24,10,0.20957763517334488,0.9959705542100463,1,0,1,0,0
632,0,10719.946815038384,65,5,0.5316148494680557,0.09251633628135036,1,0,2,2,0
633,0,1399.570717270891,27,13,0.4911753618974768,0.47860769250274426,4,0,0,1,0
634,0,3824.492639476698,48,13,1.7751197556859775,0.10600324316092896,0,2,0,0,0
635,1,1852.7925899648635,58,10,1.3003675900676923,0.1756746347817417,4,1,4,2,2
636,1,2235.933137522641,32,6,1.150236091860542,0.8266014729676067,3,2,4,0,2
637,0,649.2210210485304,33,12,0.10847444100060394,0.8702469257584529,2,2,0,1,1
638,0,9537.57554850331,43,10,0.41332700355275753,0.9397787851643702,2,1,1,2,1
639,1,1051.2418506806744,62,7,1.180420198054233,1.0452750302640121,4,3,0,2,2
640,1,3819.7656177679073,31,6,0.7455228550188318,0.9003461887479863,3,3,1,2,2
641,0,3940.208309813788,52,11,1.6712766522544034,0.9710023309226268,1,0,1,1,0
642,0,4898.763018946895,42,8,1.4000311725409884,0.10630826629677113,0,3,1,1,2
643,0,1310.0324609431932,26,3,0.8605529237670039,0.31971542300749334,3,0,2,0,0
644,0,7492.8727219294005,54,13,1.3741754618150597,0.7651824393815326,0,0,0,2,0
645,1,2518.889666009415,60,1,1.7581873505045766,1.0368441003185467,0,2,4,1,1
646,1,3081.969262738919,48,10,0.8836674019925,0.055175143680607996,4,0,3,2,2
647,0,1202.27311196496,29,9,1.1922940094105068,0.6418237434338022,2,1,3,1,0
648,0,1436.4545252237797,28,8,1.6617298456042018,0.8288805092690568,3,0,0,2,0
649,0,753.6734467216895,40,1,0.5227469254614946,0.0840483824979052,1,1,3,0,0
650,1,511.05810234119133,44,7,1.6071484532326732,0.5115588911863961,0,3,4,2,1
651,0,9424.884658750863,46,12,0.26582600151407054,1.0799801135912512,0,3,0,0,2
652,0,649.0578838003387,32,4,1.202361889998999,0.8223547301842374,1,0,3,0,0
653,0,3195.3785399578924,44,9,1.4308248635948333,0.3233071178646869,0,2,1,1,0
654,0,11216.039752373466,34,12,1.1448305727291244,1.0306982990766995,2,1,3,1,0
655,0,3378.3637854153963,53,13,0.9424091670593231,0.45023613692094144,1,1,2,2,0
656,1,1182.2477202813786,58,7,1.1494900698736663,1.0313463718156684,2,2,4,1,0
657,0,11605.648343591609,51,5,0.3578283049250558,0.39378519878674134,2,3,0,0,1
658,0,6181.003998594895,21,10,0.4664702075613712,0.7288682885156212,1,1,1,0,1
659,0,585.5317178412954,67,7,0.5588288847257813,0.5064810779100092,2,0,1,1,1
660,1,7322.186984426041,22,9,1.1162248790710647,0.36604880836832704,0,3,1,1,2
661,0,5969.440147982621,67,10,0.8512318253666198,1.0695411964976496,1,3,1,1,1
662,0,8708.389860192778,22,10,0.5156089322259272,0.265732734230415,4,1,1,0,0
663,0,5249.094007025834,45,4,1.6007758646457861,0.14753332992112755,4,2,0,1,1
664,0,1531.1589768568588,25,10,0.7356671284984798,0.4432159793275094,2,3,3,1,0
665,1,5337.856353205992,25,8,0.8582539226908149,0.8752850197878026,4,2,2,2,2
666,0,6142.544056430324,53,13,0.7964918301332907,0.9785463468727239,2,1,4,1,0
667,1,7813.234539603369,55,9,0.40930302397047946,1.1985548755767794,0,3,3,2,0
668,0,2775.201687079659,26,12,1.3437659262313966,0.3908163655628396,4,3,0,0,2
669,0,3090.9166259641815,66,13,0.8623790458570586,0.5191332438009745,2,2,0,2,1
670,0,3902.460563272766,36,13,0.12763708681762137,0.20734446973407022,3,0,2,0,0
671,0,3575.262081523465,35,10,1.7388232940116548,0.7111027190664886,3,1,2,0,2
672,1,3103.835804431482,34,8,1.4867981397122032,1.1972170428523548,1,2,1,2,0
673,1,1978.2942145922843,42,2,1.3300509019560656,0.8560131616387572,3,1,3,1,2
674,0,1258.0155372395348,29,6,1.5774561798814992,0.7344947664753775,2,2,2,1,2
675,0,5305.084529996088,40,7,1.6415723311294355,0.5012244568600631,1,2,3,1,1
676,0,7397.201365535208,30,11,0.6737325008535457,1.102593574328388,1,0,0,2,1
677,0,3752.003420976866,23,8,1.1386297533083876,0.6214540855499018,3,2,4,0,1
678,0,3508.3494211914294,38,6,1.1349732756495101,0.2045219503100207,1,2,1,0,1
679,0,12785.742420798328,52,2,0.5544094369780148,0.4701852326790035,0,0,2,0,0
680,0,5818.919504938254,56,10,0.47731882746001425,0.12724166917493193,4,2,2,2,0
681,0,3317.963276682358,37,6,0.29364233319233757,0.2822758933420988,1,2,4,0,0
682,1,2864.5937246379667,36,1,1.2208341330579697,0.07031909814989903,3,0,1,1,2
683,0,2607.681080331209,58,4,1.4275622847523257,0.5712719039751879,3,2,1,1,0
684,0,4314.538159083174,53,12,1.3936200651789064,0.7797213046945667,4,1,1,0,1
685,0,4313.234447290866,60,2,0.6376681412144564,0.4447863317357439,3,1,1,1,2
686,0,7609.357465742655,63,6,0.4489417457908438,0.5334390372310687,3,2,0,0,2
687,0,1576.1341086040463,59,7,0.8711441033728573,1.1530906637712621,4,0,0,0,0
688,0,7776.17463039548,65,2,1.029582882408868,0.9147575898111527,4,0,1,0,0
689,0,5624.151030891791,40,3,1.6624481175465446,0.6719851324866939,0,1,2,2,2
690,0,2390.5691209137085,39,13,1.587199362265892,0.377222006378599,3,3,1,1,0
691,0,1810.2992026834409,36,8,1.657299163213107,1.0815463185889445,0,0,1,2,0
692,1,5576.8830433586645,32,3,1.5454460547311653,0.32036168441275836,4,3,3,1,2
693,0,3760.215641462968,56,3,1.739788047541729,0.4241441400941786,0,0,1,0,2
694,1,1251.0519011619767,54,6,0.8913499951873977,1.0954245365863906,1,1,4,1,2
695,1,3139.678024490933,58,10,0.18070494563626044,0.6589733635778332,0,1,3,2,2
696,0,5996.715616683026,28,10,0.24205545465241302,0.9036656418306731,3,1,0,1,0
697,0,5880.766683727215,44,3,0.7634694410129833,0.729356513288331,0,0,1,0,0
698,0,4258.681105362793,31,10,0.5380680551640954,0.8014550903609193,0,3,0,0,0
699,0,5783.697576390328,62,12,0.38889900531381444,0.39429078524204936,2,1,1,2,0
700,1,4686.622802501913,33,3,1.7204464166647024,0.3275778708706623,4,3,1,1,2
701,0,4241.315927649016,27,1,0.43221330029805816,0.420866199243965,2,2,0,2,0
702,0,1919.9657498040165,47,13,1.7309447629358927,0.22875779869593582,2,2,0,1,1
703,0,6172.242194142658,62,7,1.393426028546052,1.0554615200844284,3,1,2,0,2
704,1,3651.406363408304,64,11,1.1896076426128799,0.37573397323763114,2,2,3,2,2
705,0,7109.425661591662,25,5,1.2492322321519431,0.6957128035765423,1,3,1,2,0
706,1,5603.086941785995,36,4,0.6635063502205107,0.96077058891258,2,3,4,2,1
707,1,664.382561605271,28,3,1.1989259646990797,0.9513977257820705,0,3,1,2,1
708,1,3152.8041844460713,35,3,0.417376601078151,0.5541441973718217,1,0,4,0,2
709,0,2525.873623343524,46,7,1.694099235311165,0.5976959048747345,3,2,1,2,1
710,0,1948.371745080715,34,2,0.613048677933009,1.1939070112752785,1,1,2,0,0
711,1,4316.699713169002,24,11,0.5338170708990216,0.8257870985258776,0,3,3,2,2
712,0,1779.4314662029026,44,7,1.3089767569300677,0.986834209585565,0,3,0,0,2
713,1,1249.0840049084854,23,12,1.2159628207125093,1.0879370646021167,4,3,4,1,1
714,0,1263.766347079923,31,7,0.867208161183619,0.9557283116637401,1,0,1,2,0
715,1,1382.8794847719923,21,4,1.1751585989743367,0.2629562466966027,0,1,2,0,1
716,1,4165.489428381339,25,7,0.3711382219934554,0.696496343798208,3,2,3,0,2
717,1,12763.92288562358,41,3,1.2446581225833235,0.1671782809117266,2,2,3,2,2
718,0,2239.9181838340096,60,11,0.5600381818318296,0.8008604455485981,2,1,0,0,1
719,0,8122.99446218872,57,10,0.5638211603499774,1.1486518424159826,4,0,4,1,0
720,0,1376.4539872543146,25,2,0.3757058894044338,0.639641873945128,1,0,3,2,1
721,1,2337.29677524827,22,8,0.6650411295614799,0.5479183667979323,2,2,4,1,2
722,0,8071.350768478007,36,7,0.6631268025292578,0.09121916413088765,3,1,2,1,2
723,0,5782.148489887914,51,3,0.8721043198938577,1.1537407006786033,3,1,3,1,0
724,0,5905.744898433597,56,2,0.4237131579327941,0.1684530867496826,1,3,2,1,0
725,0,7078.301546703648,59,10,0.4281128114699027,0.09724095730057397,3,0,4,1,1
726,0,13018.289013359818,37,4,1.0209555718274883,0.33297660323067924,3,3,4,1,0
727,0,5327.91582265699,28,7,0.31909158793980774,0.12535999900613978,0,1,4,0,2
728,0,1150.3842688362731,22,4,1.2711249135810196,0.5733855187735266,0,3,2,1,0
729,0,7401.3984016011555,27,9,1.704710113966414,0.6435009714456792,3,3,3,2,1
730,1,6716.161437842574,24,1,0.825552556829443,0.4094554413828715,0,2,1,2,2
731,1,7724.795982801387,61,5,1.6318790323561505,0.10860455496111897,4,1,2,0,2
732,1,2067.789030508783,33,8,0.26713820491396956,0.1783404234866107,0,0,3,2,2
733,0,3973.5667057912806,59,6,0.17302796653859578,0.49218003468841726,4,0,0,2,0
734,0,831.962697114663,46,8,1.326327091773528,0.11960771845051654,3,3,3,0,2
735,0,2069.7514248383522,46,3,1.3937366740685442,0.8529181844514004,2,0,0,2,1
736,0,3100.3332401855782,42,6,1.5331990096417771,0.28807362275353376,1,1,2,1,0
737,0,2512.463945675902,59,10,0.19659005327996842,0.39738230410118425,1,1,2,1,1
738,1,7576.238227216511,23,5,1.4207419934266117,0.503244643754812,3,2,2,2,1
739,0,2465.1455277410196,25,3,0.740115845754189,0.52910107802952,3,3,2,1,1
740,0,19988.970597555992,40,12,0.6156739755597376,0.05190981382602061,1,2,2,1,0
741,0,2178.7712067437624,39,11,0.3941406662836048,0.17888092664850216,2,3,2,0,1
742,1,3651.4295929537325,46,9,1.7932267836742959,1.0421792483020098,4,2,2,2,1
743,0,828.4620968829538,55,11,0.20822810184206816,0.051418021888694355,1,1,2,2,0
744,0,4209.017369919761,48,11,1.505913624833599,0.6343924591848064,3,0,3,0,2
745,0,2603.4585017195523,33,10,1.1871405403338968,0.6129273074832893,0,0,2,2,0
746,1,16800.963285277423,36,7,1.349636755245174,0.4330582851622335,4,1,3,0,2
747,0,3563.725259079565,56,1,1.309919103867054,0.546026073168417,0,0,4,1,0
748,1,830.0900996766422,30,8,1.5593386246244103,0.9476683081555719,1,1,4,2,2
749,0,940.083296551799,44,4,0.41244651875538413,1.0173842621471998,2,1,0,0,1
750,0,872.7995761215807,46,11,0.10140184861896515,0.34940082492753755,1,1,3,1,0
751,0,2200.350102607774,56,7,1.1174984313735525,0.4208640071128893,0,3,1,0,0
752,0,2002.741206459859,54,12,0.7015596868496677,0.3288552809825826,3,3,0,2,2
753,0,15325.08658552609,42,8,0.31043846289913407,0.6018429106337249,0,2,3,1,2
754,0,1330.0094299684383,35,8,0.41643588197720605,0.8357471113076348,4,0,0,1,0
755,0,5111.573175197771,38,12,0.6639738311806789,0.3124908067829336,0,1,4,2,1
756,0,2675.3592802607336,40,7,0.2193967305073955,0.43034610336309664,1,2,3,1,1
757,1,5306.033734803694,31,5,0.19675244361836647,1.119942310227523,4,2,4,2,0
758,0,2018.8022616773892,50,5,1.657244633215155,0.10585468332400179,0,1,3,0,1
759,0,768.8472273874379,30,12,0.6305746739012835,0.5798850460255012,0,1,4,0,2
760,0,1483.30546490217,51,10,1.7697921857050944,0.8682917478362945,3,1,0,2,2
761,1,2337.5768164442497,56,3,1.7394239141616799,0.22302211329109517,0,2,4,2,2
762,0,10015.733019252357,66,7,0.34237117995609345,0.10448012300630413,4,0,0,1,0
763,0,5788.062672908653,26,5,1.3153713149235244,0.20893617738431036,2,2,1,1,0
764,0,1525.1865167332999,56,9,1.1213683115160176,1.1066466725602853,4,0,0,0,1
765,0,3081.093636376457,25,1,1.274100024278761,0.06064874909429193,1,2,2,2,0
766,0,2105.3124654903604,36,10,0.26352470002460715,0.2665702710330546,0,3,3,2,1
767,0,599.9383352149883,29,10,0.42055213367874866,0.08597603983689123,4,2,1,0,0
768,0,1178.907041365507,28,3,0.23028572446649853,0.17722388769653374,3,1,4,1,0
769,0,5983.766800744247,29,2,1.127028148869021,0.7631716796225406,4,3,3,1,0
770,0,4420.101751132312,23,9,1.7772048289434548,0.32788474504994863,1,2,3,1,0
771,1,2597.7729853480287,59,4,1.2423737140185003,0.7045938579952783,2,1,4,2,2
772,0,5185.512418166595,23,13,1.3082946095372803,0.728724690181045,2,0,2,0,0
773,0,8109.631060010242,39,11,1.7737945706235778,1.0268506330532459,2,0,1,0,2
774,0,7811.463532609983,53,13,1.2526196420920535,0.05545260184865501,1,0,4,0,0
775,1,1106.2871212910784,67,7,0.16830867346839956,1.0313748782437218,1,0,2,2,0
776,0,11354.525773432384,61,13,1.573909521456216,0.7619869493910201,3,2,3,1,1
777,0,1269.3985640983865,27,1,0.7199530936439537,0.23715500902070122,0,2,1,2,2
778,0,6261.058010137494,67,4,0.10741815657501613,0.9388779963555766,1,3,1,1,0
779,0,972.078254949773,51,1,0.9622981018533949,1.0338152730591734,1,2,0,0,0
780,0,1498.9897054687217,29,9,1.6929255014896483,0.3424030063172809,0,3,1,1,2
781,0,6403.63579803927,42,7,0.5374621682314714,1.1066127330380828,0,2,0,0,1
782,0,1920.6310880781473,64,4,0.9355723941898278,0.5726260448434565,2,1,3,2,1
783,1,1864.8388954274787,39,4,0.3954207092300643,0.7439381224833197,0,2,0,2,2
784,1,12026.380123788309,29,9,0.19807754183294818,1.1823469636602901,1,1,3,2,2
785,1,1240.2959035917102,62,3,0.23692640941229243,0.46576649043507923,2,1,4,1,1
786,1,4528.86157483519,65,7,1.3359185401343041,0.9851332476931297,4,1,3,0,1
787,0,8306.312224265439,66,8,1.5689266002616533,0.41615898550272856,0,2,2,0,0
788,0,4439.012509109976,65,4,0.34360802672923485,0.9690955505777146,2,1,0,1,0
789,0,2740.4430227977905,62,3,0.5901415652777968,0.7408440066920388,0,2,4,1,1
790,0,600.149401087323,42,5,0.43155009499620645,0.2988090495092116,2,3,0,2,0
791,0,5485.995217230928,30,8,0.1456548207749275,0.5261300078576218,2,1,3,2,2
792,0,5427.1075838589695,50,4,1.0408333288078722,0.4152809795180959,3,1,3,0,2
793,0,4213.500001320215,31,5,1.2898676892340009,0.13982465204241845,2,1,0,0,0
794,0,4078.2380158517417,43,8,1.2013917175046198,0.08430998561465211,4,3,3,1,1
795,0,5715.8506001475735,51,3,0.7596910304138209,0.44845045371825804,0,0,0,1,0
796,0,1180.8309237616077,65,8,1.043517418097839,0.07188926999010957,0,3,1,0,1
797,1,2503.6967505363473,34,2,0.25996882128158194,0.24031092121904127,0,1,4,2,0
798,1,9958.903147316134,32,2,0.36231632182856355,0.883960818978499,1,3,4,2,1
799,0,812.7486583244711,55,4,1.6840508532400718,0.864304921036126,0,3,1,1,1
